{
  "num_cases": 62,
  "num_energy_pairs": 48,
  "energy_diff_definition": "adsmind_best_energy - adsorbagent_best_energy",
  "wilcoxon": {
    "statistic": 86.0,
    "p_value": 1.0177188869420206e-08
  },
  "mcnemar": {
    "b": 13,
    "c": 1,
    "p_value": 0.0018310546875
  },
  "rank_biserial": -0.8537414965986394,
  "bootstrap_ci": {
    "low": -0.6076602935791016,
    "high": -0.13576889038085893
  },
  "benjamini_hochberg": {
    "wilcoxon": 2.0354377738840412e-08,
    "mcnemar": 0.0018310546875
  }
}