{
  "num_cases": 20,
  "num_energy_pairs": 20,
  "energy_diff_definition": "adsmind_best_energy - adsorbagent_best_energy",
  "wilcoxon": {
    "statistic": 14.0,
    "p_value": 0.000209808349609375
  },
  "mcnemar": null,
  "rank_biserial": -0.8666666666666667,
  "bootstrap_ci": {
    "low": -0.5480194091796875,
    "high": 0.07494068145751953
  },
  "benjamini_hochberg": {
    "wilcoxon": 0.000209808349609375,
    "mcnemar": null
  }
}