{
  "friedman": {
    "statistic": 20.87096774193548,
    "p_value": 0.0003358779427977974
  },
  "pairwise": {
    "no_slip": {
      "statistic": 2.0,
      "p_value": 0.75,
      "bootstrap_ci": {
        "low": -0.026251792907714844,
        "high": 0.0
      }
    },
    "no_forbid": {
      "statistic": 3.0,
      "p_value": 1.0,
      "bootstrap_ci": {
        "low": 0.0,
        "high": 1.52587890625e-05
      }
    },
    "no_termination": {
      "statistic": 0.0,
      "p_value": 0.5,
      "bootstrap_ci": {
        "low": -0.018218994140625,
        "high": 0.0
      }
    },
    "single_shot": {
      "statistic": 0.0,
      "p_value": 0.0078125,
      "bootstrap_ci": {
        "low": -0.44386863708496094,
        "high": 0.5023593902587891
      }
    }
  },
  "bh_fdr": {
    "no_slip": 1.0,
    "no_forbid": 1.0,
    "no_termination": 1.0,
    "single_shot": 0.03125
  }
}