{
  "friedman": {
    "statistic": 15.72289156626508,
    "p_value": 0.0012923875673528818
  },
  "pairwise": {
    "no_slip": {
      "statistic": 3.5,
      "p_value": 0.1411161381713362,
      "bootstrap_ci": {
        "low": 0.0,
        "high": 6.103515625e-05
      }
    },
    "no_forbid": {
      "statistic": 0.0,
      "p_value": 0.027707849358079864,
      "bootstrap_ci": {
        "low": -6.103515625e-05,
        "high": 0.0
      }
    },
    "no_termination": {
      "statistic": 4.0,
      "p_value": 0.028401837044201694,
      "bootstrap_ci": {
        "low": -0.0030193328857421875,
        "high": 2.288818359375e-05
      }
    },
    "single_shot": null
  },
  "bh_fdr": {
    "no_slip": 0.1411161381713362,
    "no_forbid": 0.04260275556630254,
    "no_termination": 0.04260275556630254,
    "single_shot": null
  }
}