{
  "friedman": {
    "statistic": 31.690721649484544,
    "p_value": 2.212725536572475e-06
  },
  "pairwise": {
    "no_slip": {
      "statistic": 7.0,
      "p_value": 0.463071015014588,
      "rank_biserial": 0.3333333333333333,
      "bootstrap_ci": {
        "low": 0.0,
        "high": 0.0
      }
    },
    "no_forbid": {
      "statistic": 5.0,
      "p_value": 0.24886387493792206,
      "rank_biserial": 0.5238095238095238,
      "bootstrap_ci": {
        "low": 0.0,
        "high": 0.0
      }
    },
    "no_termination": {
      "statistic": 5.0,
      "p_value": 1.0,
      "rank_biserial": 0.0,
      "bootstrap_ci": {
        "low": 0.0,
        "high": 0.0
      }
    },
    "single_shot": {
      "statistic": 5.0,
      "p_value": 0.002864815552489834,
      "rank_biserial": 0.9047619047619048,
      "bootstrap_ci": {
        "low": 0.1461353302001953,
        "high": 0.7377872467041016
      }
    }
  },
  "bh_fdr": {
    "no_slip": 0.6174280200194507,
    "no_forbid": 0.4977277498758441,
    "no_termination": 1.0,
    "single_shot": 0.011459262209959336
  }
}