{
  "friedman": {
    "statistic": 25.74999999999999,
    "p_value": 1.0758829198266134e-05
  },
  "pairwise": {
    "no_slip": {
      "statistic": 7.0,
      "p_value": 0.463071015014588,
      "rank_biserial": 0.3333333333333333,
      "bootstrap_ci": {
        "low": 0.0,
        "high": 0.0
      }
    },
    "no_forbid": {
      "statistic": 5.0,
      "p_value": 0.24886387493792206,
      "rank_biserial": 0.5238095238095238,
      "bootstrap_ci": {
        "low": 0.0,
        "high": 0.0
      }
    },
    "no_termination": null,
    "single_shot": {
      "statistic": 5.0,
      "p_value": 0.0028648155524898344,
      "rank_biserial": 0.9047619047619048,
      "bootstrap_ci": {
        "low": 0.1461353302001953,
        "high": 0.7377872467041016
      }
    }
  },
  "bh_fdr": {
    "no_slip": 0.463071015014588,
    "no_forbid": 0.3732958124068831,
    "no_termination": null,
    "single_shot": 0.008594446657469503
  }
}