{
  "friedman": {
    "statistic": 2.0740740740741246,
    "p_value": 0.5571755348392169
  },
  "pairwise": {
    "no_slip": {
      "statistic": 52.0,
      "p_value": 0.6495629244115453,
      "rank_biserial": 0.13333333333333333,
      "bootstrap_ci": {
        "low": -0.0045166015625,
        "high": 0.0
      }
    },
    "no_forbid": {
      "statistic": 42.0,
      "p_value": 0.8067663226228976,
      "rank_biserial": -0.07692307692307693,
      "bootstrap_ci": {
        "low": 0.0,
        "high": 0.0
      }
    },
    "no_termination": {
      "statistic": 60.5,
      "p_value": 0.6980564026532015,
      "rank_biserial": -0.11029411764705882,
      "bootstrap_ci": {
        "low": -1.71661376953125e-05,
        "high": 0.0
      }
    },
    "single_shot": null
  },
  "bh_fdr": {
    "no_slip": 0.8067663226228975,
    "no_forbid": 0.8067663226228975,
    "no_termination": 0.8067663226228975,
    "single_shot": null
  }
}