{
  "friedman": {
    "statistic": 1.2499999999999942,
    "p_value": 0.5352614285189917
  },
  "pairwise": {
    "no_slip": {
      "statistic": 11.0,
      "p_value": 0.32698934959801507,
      "bootstrap_ci": {
        "low": -0.01503753662109375,
        "high": 0.0
      }
    },
    "no_forbid": {
      "statistic": 21.0,
      "p_value": 0.8589549227374824,
      "bootstrap_ci": {
        "low": -0.0030422210693359375,
        "high": 0.0008563995361328125
      }
    },
    "no_termination": null,
    "single_shot": null
  },
  "bh_fdr": {
    "no_slip": 0.6539786991960301,
    "no_forbid": 0.8589549227374824,
    "no_termination": null,
    "single_shot": null
  }
}