{
  "cases": [
    "01",
    "02",
    "04",
    "05",
    "09",
    "10",
    "12",
    "13",
    "14",
    "15",
    "16",
    "17",
    "18",
    "19",
    "20"
  ],
  "random": {
    "01": -3.631718397140503,
    "02": -4.761686325073242,
    "04": -3.293546676635742,
    "05": -2.965336561203003,
    "09": -1.9895267486572266,
    "10": -2.7149600982666016,
    "12": -2.3599796295166016,
    "13": -2.8251514434814453,
    "14": -3.6227664947509766,
    "15": -3.001087188720703,
    "16": -6.736865997314453,
    "17": -3.171344757080078,
    "18": -3.2130470275878906,
    "19": -3.5673561096191406,
    "20": -13.422286987304688
  },
  "heuristic": {
    "01": -3.637272596359253,
    "02": -4.776639938354492,
    "04": -3.470273971557617,
    "05": -2.966923475265503,
    "09": -1.9934635162353516,
    "10": -2.7206058502197266,
    "12": -2.360696792602539,
    "13": -2.827669143676758,
    "14": -3.6134281158447266,
    "15": -3.225940704345703,
    "16": -5.376361846923828,
    "17": -3.2653350830078125,
    "18": -3.24102783203125,
    "19": -4.696258544921875,
    "20": -11.756484985351562
  },
  "adsmind_full_best_across_backends": {
    "01": -3.6317179203033447,
    "02": -4.769039154052734,
    "04": -2.2848472595214844,
    "05": -2.961643934249878,
    "09": -1.9912567138671875,
    "10": -2.7176666259765625,
    "12": -2.3513641357421875,
    "13": -2.8251419067382812,
    "14": -3.6166324615478516,
    "15": -3.257709503173828,
    "16": -4.662910461425781,
    "17": -3.241016387939453,
    "18": -3.1291351318359375,
    "19": -4.044700622558594,
    "20": -11.652706146240234
  },
  "adsmind_1shot_best_across_backends": {
    "01": -3.6311686038970947,
    "02": -4.765958786010742,
    "04": -2.2427330017089844,
    "05": -2.961643934249878,
    "09": -1.9912567138671875,
    "10": -2.7176666259765625,
    "12": -2.0813217163085938,
    "13": -2.8251419067382812,
    "14": -3.6166324615478516,
    "15": -2.9636917114257812,
    "16": -4.662910461425781,
    "17": -3.0664215087890625,
    "18": -2.5189666748046875,
    "19": -4.0125274658203125,
    "20": -11.652278900146484
  },
  "adsorbagent_gpt4o": {
    "02": -5.092434,
    "03": -3.709904,
    "04": -3.456692,
    "05": -2.953465,
    "06": -2.254482,
    "07": -6.75153,
    "08": -7.824795,
    "10": -2.74065,
    "11": -2.389027,
    "12": -2.243763,
    "13": -2.858379,
    "14": -4.161823,
    "16": -6.698578,
    "17": -4.410625,
    "18": -4.48344,
    "19": -4.693707
  },
  "adsorbagent_gpt54": {
    "01": -3.879215955734253,
    "02": -5.097377777099609,
    "04": -2.9148216247558594,
    "09": -1.9971504211425781,
    "10": -2.7414588928222656,
    "12": -2.245380401611328,
    "13": -2.856945037841797,
    "14": -4.125019073486328,
    "16": -5.699554443359375,
    "17": -4.476116180419922,
    "19": -4.707073211669922,
    "20": -12.284919738769531
  }
}