case_id,surface,adsorbate,gemini_energy,gemini_iters,gemini_slip,gemini_diss,grok4_energy,grok4_iters,grok4_slip,grok4_diss,gpt54_energy,gpt54_iters,gpt54_slip,gpt54_diss,claude_energy,claude_iters,claude_slip,claude_diss,best_energy,range_eV
03,CuPd3(111),[H],-3.351963758468628,5,3,0,-3.351963758468628,5,3,0,-3.351963758468628,2,1,0,-3.351963758468628,2,1,0,-3.351963758468628,0.0
06,Cu3Ag(111),[N]=[NH],-2.1646385192871094,5,2,1,-1.8745841979980469,5,1,2,-2.164623260498047,5,3,1,-1.8745841979980469,5,1,2,-2.1646385192871094,0.2900543212890625
07,Ru3Mo(111),[H],-7.051090955734253,5,5,0,-7.051090955734253,5,5,0,-7.030705213546753,5,4,0,-7.051090955734253,4,4,0,-7.051090955734253,0.0203857421875
08,Ru3Mo(111),[N]=[NH],-6.414363861083984,5,5,4,-6.414363861083984,4,3,3,-7.190608978271484,5,3,1,-6.869441986083984,5,3,2,-7.190608978271484,0.7762451171875
11,Pd(111),[OH],-2.3885955810546875,2,2,0,-2.4184722900390625,3,2,0,-2.3813095092773438,1,1,0,-2.4184722900390625,3,2,0,-2.4184722900390625,0.03716278076171875
