{
  "metadata": {
    "backends": [
      "gemini",
      "grok4",
      "openai_gpt54",
      "anthropic_claude"
    ],
    "cases": [
      "01",
      "02",
      "09",
      "14",
      "19"
    ],
    "variants": [
      "full",
      "no_slip",
      "no_forbid",
      "no_termination",
      "single_shot"
    ]
  },
  "per_config": {
    "01_full": {
      "case_id": "01",
      "variant": "full",
      "energies": {
        "gemini": -3.6317179203033447,
        "grok4": -3.6317179203033447,
        "openai_gpt54": -3.627323865890503,
        "anthropic_claude": -3.630131483078003
      },
      "range_eV": 0.004394
    },
    "02_full": {
      "case_id": "02",
      "variant": "full",
      "energies": {
        "gemini": -4.765958786010742,
        "grok4": -4.765958786010742,
        "openai_gpt54": -4.769039154052734,
        "anthropic_claude": -4.769039154052734
      },
      "range_eV": 0.00308
    },
    "09_full": {
      "case_id": "09",
      "variant": "full",
      "energies": {
        "gemini": -1.9739322662353516,
        "grok4": -1.9739322662353516,
        "openai_gpt54": -1.9912567138671875,
        "anthropic_claude": -1.9912567138671875
      },
      "range_eV": 0.017324
    },
    "14_full": {
      "case_id": "14",
      "variant": "full",
      "energies": {
        "gemini": -3.6166324615478516,
        "grok4": -3.6166324615478516,
        "openai_gpt54": -3.5911407470703125,
        "anthropic_claude": -3.5796432495117188
      },
      "range_eV": 0.036989
    },
    "19_full": {
      "case_id": "19",
      "variant": "full",
      "energies": {
        "gemini": -3.8413848876953125,
        "grok4": -4.044700622558594,
        "openai_gpt54": -4.0125274658203125,
        "anthropic_claude": -4.0125274658203125
      },
      "range_eV": 0.203316
    },
    "01_no_slip": {
      "case_id": "01",
      "variant": "no_slip",
      "energies": {
        "gemini": -3.6317179203033447,
        "grok4": -3.6317179203033447,
        "openai_gpt54": -3.627323865890503,
        "anthropic_claude": -3.630131483078003
      },
      "range_eV": 0.004394
    },
    "02_no_slip": {
      "case_id": "02",
      "variant": "no_slip",
      "energies": {
        "gemini": -4.765775680541992,
        "grok4": -4.765958786010742,
        "openai_gpt54": -4.764400482177734,
        "anthropic_claude": -4.769039154052734
      },
      "range_eV": 0.004639
    },
    "09_no_slip": {
      "case_id": "09",
      "variant": "no_slip",
      "energies": {
        "gemini": -1.9739322662353516,
        "grok4": -1.9739322662353516,
        "openai_gpt54": -1.9912567138671875,
        "anthropic_claude": -1.9912567138671875
      },
      "range_eV": 0.017324
    },
    "14_no_slip": {
      "case_id": "14",
      "variant": "no_slip",
      "energies": {
        "gemini": -3.6166324615478516,
        "grok4": -3.6166324615478516,
        "openai_gpt54": -3.4312286376953125,
        "anthropic_claude": -3.5911407470703125
      },
      "range_eV": 0.185404
    },
    "19_no_slip": {
      "case_id": "19",
      "variant": "no_slip",
      "energies": {
        "gemini": -3.8413848876953125,
        "grok4": -3.5939178466796875,
        "openai_gpt54": -4.099582672119141,
        "anthropic_claude": -4.148807525634766
      },
      "range_eV": 0.55489
    },
    "01_no_forbid": {
      "case_id": "01",
      "variant": "no_forbid",
      "energies": {
        "gemini": -3.6317179203033447,
        "grok4": -3.6317179203033447,
        "openai_gpt54": -3.627323865890503,
        "anthropic_claude": -3.623600721359253
      },
      "range_eV": 0.008117
    },
    "02_no_forbid": {
      "case_id": "02",
      "variant": "no_forbid",
      "energies": {
        "gemini": -4.765714645385742,
        "grok4": -4.759977340698242,
        "openai_gpt54": -4.769039154052734,
        "anthropic_claude": -4.769039154052734
      },
      "range_eV": 0.009062
    },
    "09_no_forbid": {
      "case_id": "09",
      "variant": "no_forbid",
      "energies": {
        "gemini": -1.9739322662353516,
        "grok4": -1.9739322662353516,
        "openai_gpt54": -1.9912567138671875,
        "anthropic_claude": -1.9912567138671875
      },
      "range_eV": 0.017324
    },
    "14_no_forbid": {
      "case_id": "14",
      "variant": "no_forbid",
      "energies": {
        "gemini": -3.6166324615478516,
        "grok4": -3.6166324615478516,
        "openai_gpt54": -3.5911407470703125,
        "anthropic_claude": -3.5911407470703125
      },
      "range_eV": 0.025492
    },
    "19_no_forbid": {
      "case_id": "19",
      "variant": "no_forbid",
      "energies": {
        "gemini": -4.042137145996094,
        "grok4": -3.5939483642578125,
        "openai_gpt54": -4.148807525634766,
        "anthropic_claude": -4.148807525634766
      },
      "range_eV": 0.554859
    },
    "01_no_termination": {
      "case_id": "01",
      "variant": "no_termination",
      "energies": {
        "gemini": -3.6317179203033447,
        "grok4": -3.6317179203033447,
        "openai_gpt54": -3.630131483078003,
        "anthropic_claude": -3.630131483078003
      },
      "range_eV": 0.001586
    },
    "02_no_termination": {
      "case_id": "02",
      "variant": "no_termination",
      "energies": {
        "gemini": -4.765958786010742,
        "grok4": -4.765958786010742,
        "openai_gpt54": -4.769039154052734,
        "anthropic_claude": -4.769039154052734
      },
      "range_eV": 0.00308
    },
    "09_no_termination": {
      "case_id": "09",
      "variant": "no_termination",
      "energies": {
        "gemini": -1.9739322662353516,
        "grok4": -1.9739322662353516,
        "openai_gpt54": -1.9912567138671875,
        "anthropic_claude": -1.9912567138671875
      },
      "range_eV": 0.017324
    },
    "14_no_termination": {
      "case_id": "14",
      "variant": "no_termination",
      "energies": {
        "gemini": -3.6166324615478516,
        "grok4": -3.6166324615478516,
        "openai_gpt54": -3.5911407470703125,
        "anthropic_claude": -3.5911407470703125
      },
      "range_eV": 0.025492
    },
    "19_no_termination": {
      "case_id": "19",
      "variant": "no_termination",
      "energies": {
        "gemini": -3.5939178466796875,
        "grok4": -4.027214050292969,
        "openai_gpt54": -4.0125274658203125,
        "anthropic_claude": -4.0125274658203125
      },
      "range_eV": 0.433296
    },
    "01_single_shot": {
      "case_id": "01",
      "variant": "single_shot",
      "energies": {
        "gemini": -3.6311686038970947,
        "grok4": -3.6311686038970947,
        "openai_gpt54": -3.557255506515503,
        "anthropic_claude": -3.557255506515503
      },
      "range_eV": 0.073913
    },
    "02_single_shot": {
      "case_id": "02",
      "variant": "single_shot",
      "energies": {
        "gemini": -4.765958786010742,
        "grok4": -4.150495529174805,
        "openai_gpt54": -4.342861175537109,
        "anthropic_claude": -4.342861175537109
      },
      "range_eV": 0.615463
    },
    "09_single_shot": {
      "case_id": "09",
      "variant": "single_shot",
      "energies": {
        "gemini": -1.8013858795166016,
        "grok4": -1.9739322662353516,
        "openai_gpt54": -1.9912567138671875,
        "anthropic_claude": -1.8037338256835938
      },
      "range_eV": 0.189871
    },
    "14_single_shot": {
      "case_id": "14",
      "variant": "single_shot",
      "energies": {
        "gemini": -3.6166324615478516,
        "grok4": -3.2450809478759766,
        "openai_gpt54": -3.4312286376953125,
        "anthropic_claude": -3.4533309936523438
      },
      "range_eV": 0.371552
    },
    "19_single_shot": {
      "case_id": "19",
      "variant": "single_shot",
      "energies": {
        "gemini": -3.1327438354492188,
        "grok4": -3.5939178466796875,
        "openai_gpt54": -4.0125274658203125,
        "anthropic_claude": -4.0125274658203125
      },