{
  "backends": {
    "anthropic_sonnet46": {
      "num_cases": 15,
      "num_success": 15,
      "mean_running_best": [
        -3.6591535886128743,
        -3.70693089167277,
        -3.7358831723531085,
        -4.09683773914973,
        -5.231166839599609
      ],
      "mean_fraction_of_final_improvement_by_iter2": 0.589795461077544,
      "mean_fraction_of_final_improvement_by_iter3": 0.7376120201199083
    },
    "gemini": {
      "num_cases": 15,
      "num_success": 15,
      "mean_running_best": [
        -3.608214505513509,
        -3.7632173538208007,
        -3.8574645360310873,
        -4.30652117729187,
        -4.460219097137451
      ],
      "mean_fraction_of_final_improvement_by_iter2": 0.6078816501523968,
      "mean_fraction_of_final_improvement_by_iter3": 0.817357239807809
    },
    "openai_gpt54": {
      "num_cases": 15,
      "num_success": 15,
      "mean_running_best": [
        -3.6165635108947756,
        -3.815603358404977,
        -3.9136673487149753,
        -4.363500356674194,
        -5.2563425699869795
      ],
      "mean_fraction_of_final_improvement_by_iter2": 0.7290709619624779,
      "mean_fraction_of_final_improvement_by_iter3": 0.8
    },
    "xai": {
      "num_cases": 15,
      "num_success": 15,
      "mean_running_best": [
        -3.6509594599405926,
        -3.789482816060384,
        -3.8598418553670246,
        -4.245573303916237,
        -4.7371081246270075
      ],
      "mean_fraction_of_final_improvement_by_iter2": 0.5815524067161886,
      "mean_fraction_of_final_improvement_by_iter3": 0.8950518488879998
    }
  }
}