{
  "backends": {
    "anthropic_sonnet46": {
      "num_cases": 20,
      "num_success": 20,
      "mean_running_best": [
        -3.9298137187957765,
        -3.972537565231323,
        -4.029640109915483,
        -4.484566338857015,
        -5.305294036865234
      ],
      "mean_fraction_of_final_improvement_by_iter2": 0.6833862177638105,
      "mean_fraction_of_final_improvement_by_iter3": 0.8032090150899313
    },
    "gemini": {
      "num_cases": 20,
      "num_success": 20,
      "mean_running_best": [
        -3.7662981271743776,
        -3.988360810279846,
        -4.1469646504050806,
        -4.544973522424698,
        -4.719144855226789
      ],
      "mean_fraction_of_final_improvement_by_iter2": 0.6476414824969978,
      "mean_fraction_of_final_improvement_by_iter3": 0.804748174738557
    },
    "grok4": {
      "num_cases": 20,
      "num_success": 20,
      "mean_running_best": [
        -3.8992693185806275,
        -4.024667572975159,
        -4.078930687904358,
        -4.530921332041422,
        -4.63318685690562
      ],
      "mean_fraction_of_final_improvement_by_iter2": 0.5861643050371416,
      "mean_fraction_of_final_improvement_by_iter3": 0.8712888866659998
    },
    "openai_gpt54": {
      "num_cases": 20,
      "num_success": 20,
      "mean_running_best": [
        -3.8774125576019287,
        -4.158692624833849,
        -4.310233250260353,
        -4.747773849047148,
        -5.513790210088094
      ],
      "mean_fraction_of_final_improvement_by_iter2": 0.7968032214718584,
      "mean_fraction_of_final_improvement_by_iter3": 0.85
    }
  }
}