{
  "friedman": {
    "statistic": 16.760000000000016,
    "p_value": 0.0021518652883724997
  },
  "pairwise": {
    "no_slip": {
      "statistic": 15.0,
      "p_value": 0.6744240722352938,
      "rank_biserial": -0.16666666666666666,
      "bootstrap_ci": {
        "low": 0.0,
        "high": 0.0
      }
    },
    "no_forbid": {
      "statistic": 3.0,
      "p_value": 0.06297905121445523,
      "rank_biserial": -0.7857142857142857,
      "bootstrap_ci": {
        "low": 0.0,
        "high": 0.12739944458007812
      }
    },
    "no_termination": {
      "statistic": 1.0,
      "p_value": 0.046399461870904594,
      "rank_biserial": -0.9047619047619048,
      "bootstrap_ci": {
        "low": 0.0,
        "high": 0.00814056396484375
      }
    },
    "single_shot": {
      "statistic": 10.0,
      "p_value": 0.04085984371280629,
      "rank_biserial": 0.696969696969697,
      "bootstrap_ci": {
        "low": -0.170501708984375,
        "high": 0.0345458984375
      }
    }
  },
  "bh_fdr": {
    "no_slip": 0.6744240722352938,
    "no_forbid": 0.0839720682859403,
    "no_termination": 0.0839720682859403,
    "single_shot": 0.0839720682859403
  }
}