{
  "friedman": {
    "statistic": 8.952380952380953,
    "p_value": 0.06230081411917169
  },
  "pairwise": {
    "no_slip": {
      "statistic": 2.0,
      "p_value": 0.75,
      "bootstrap_ci": {
        "low": -0.159912109375,
        "high": 0.08705520629882812
      }
    },
    "no_forbid": {
      "statistic": 0.0,
      "p_value": 1.0,
      "bootstrap_ci": {
        "low": 0.0,
        "high": 0.13628005981445312
      }
    },
    "no_termination": {
      "statistic": 0.0,
      "p_value": 1.0,
      "bootstrap_ci": {
        "low": 0.0,
        "high": 0.0028076171875
      }
    },
    "single_shot": {
      "statistic": 0.0,
      "p_value": 0.25,
      "bootstrap_ci": {
        "low": -0.286041259765625,
        "high": 0.14013671875
      }
    }
  },
  "bh_fdr": {
    "no_slip": 1.0,
    "no_forbid": 1.0,
    "no_termination": 1.0,
    "single_shot": 1.0
  }
}