{
  "backends": {
    "claude_sonnet46_mace_mp0_small": {
      "num_cases": 20,
      "num_success": 20,
      "mean_running_best": [
        -3.7861309612498566,
        -3.7728432019551597,
        -3.8695641693316007,
        -4.328408145904541,
        -4.866769790649414
      ],
      "mean_fraction_of_final_improvement_by_iter2": 0.7451602561927182,
      "mean_fraction_of_final_improvement_by_iter3": 0.886128253046978
    },
    "gemini25pro_mace_mp0_small": {
      "num_cases": 20,
      "num_success": 20,
      "mean_running_best": [
        -3.868758803919742,
        -3.929785126133969,
        -3.953719741419742,
        -4.272007167339325,
        -4.375629870096843
      ],
      "mean_fraction_of_final_improvement_by_iter2": 0.8048417494263351,
      "mean_fraction_of_final_improvement_by_iter3": 0.8767338725644912
    },
    "gpt54_mace_mp0_small": {
      "num_cases": 20,
      "num_success": 20,
      "mean_running_best": [
        -3.6940499941507974,
        -4.0440329975552025,
        -4.1812411695718765,
        -4.596798695050753,
        -5.324888096915351
      ],
      "mean_fraction_of_final_improvement_by_iter2": 0.7742258016353982,
      "mean_fraction_of_final_improvement_by_iter3": 0.8333333333333334
    },
    "grok4_mace_mp0_small": {
      "num_cases": 20,
      "num_success": 20,
      "mean_running_best": [
        -3.695624828338623,
        -3.708442856283749,
        -3.7961412535773382,
        -4.227732454027448,
        -4.378771805763245
      ],
      "mean_fraction_of_final_improvement_by_iter2": 0.5792098740733331,
      "mean_fraction_of_final_improvement_by_iter3": 0.9056460338254834
    }
  }
}