{
  "cases": 24,
  "random_success": 24,
  "mean_random_minus_adsmind_eV": -0.22139990329742462,
  "median_random_minus_adsmind_eV": -0.0617828369140625,
  "random_lower_cases": 16,
  "tie_0p01_cases": 4,
  "adsmind_lower_cases": 4,
  "total_random_wall_clock_hours": 27.392923179339203,
  "median_case_wall_clock_hours": 0.28040751673746855
}