{
  "attempts": 100,
  "success": 100,
  "cases": 20,
  "mean_range_eV": 0.3213450908660889,
  "median_range_eV": 0.09958362579345703,
  "max_range_eV": 2.743499755859375,
  "cases_range_le_0p01": 3,
  "cases_range_le_0p05": 8,
  "cases_range_le_0p10": 10,
  "cases_seed42_worse_than_best_by_gt_0p01": 11,
  "mean_seed42_minus_best_seed_eV": 0.10550065040588377,
  "median_seed42_minus_best_seed_eV": 0.015309333801269531
}