{
  "cmu20": {
    "n_cases": 20,
    "n_sites_total": 1137,
    "n_sites_mean": 56.85,
    "n_sites_median": 56.0,
    "n_sites_min": 25,
    "n_sites_max": 98,
    "successful_site_evals": 1096,
    "failed_site_evals": 41,
    "case_success_count": 20,
    "vs_best4_outcomes": {
      "tie": 11,
      "heuristic_lower": 8,
      "adsmind_lower": 1
    },
    "vs_gpt54_outcomes": {
      "tie": 7,
      "heuristic_lower": 12,
      "adsmind_lower": 1
    },
    "vs_random_outcomes": {
      "tie": 8,
      "heuristic_lower": 9,
      "random_lower": 3
    },
    "delta_vs_best4_stats": {
      "n": 20,
      "mean": -0.2514121294021606,
      "median": -0.006577730178833008,
      "min": -2.018831253051758,
      "max": 0.031768798828125
    },
    "delta_vs_gpt54_stats": {
      "n": 20,
      "mean": -0.31261959075927737,
      "median": -0.02148914337158203,
      "min": -2.018831253051758,
      "max": 0.031768798828125
    },
    "delta_vs_random_stats": {
      "n": 20,
      "mean": -0.019709205627441405,
      "median": -0.0077667236328125,
      "min": -2.02105712890625,
      "max": 1.665802001953125
    },
    "delta_heuristic_minus_adsmind_best4_material_gt_0p05": {
      "heuristic_lower": 7,
      "other_lower": 0,
      "within_0p05": 13
    },
    "delta_heuristic_minus_gpt54_material_gt_0p05": {
      "heuristic_lower": 8,
      "other_lower": 0,
      "within_0p05": 12
    },
    "delta_heuristic_minus_random_material_gt_0p05": {
      "heuristic_lower": 6,
      "other_lower": 3,
      "within_0p05": 11
    }
  },
  "locked15": {
    "n_cases": 15,
    "n_sites_total": 808,
    "n_sites_mean": 53.86666666666667,
    "n_sites_median": 53,
    "n_sites_min": 25,
    "n_sites_max": 98,
    "successful_site_evals": 781,
    "failed_site_evals": 27,
    "case_success_count": 15,
    "vs_best4_outcomes": {
      "tie": 8,
      "heuristic_lower": 6,
      "adsmind_lower": 1
    },
    "vs_gpt54_outcomes": {
      "tie": 5,
      "heuristic_lower": 9,
      "adsmind_lower": 1
    },
    "vs_random_outcomes": {
      "tie": 7,
      "heuristic_lower": 6,
      "random_lower": 2
    },
    "delta_vs_best4_stats": {
      "n": 15,
      "mean": -0.18605960210164388,
      "median": -0.0076007843017578125,
      "min": -1.1854267120361328,
      "max": 0.031768798828125
    },
    "delta_vs_gpt54_stats": {
      "n": 15,
      "mean": -0.2638319651285807,
      "median": -0.022287368774414062,
      "min": -1.2153644561767578,
      "max": 0.031768798828125
    },
    "delta_vs_random_stats": {
      "n": 15,
      "mean": 0.08988520304361979,
      "median": -0.00555419921875,
      "min": -1.1289024353027344,
      "max": 1.665802001953125
    },
    "delta_heuristic_minus_adsmind_best4_material_gt_0p05": {
      "heuristic_lower": 5,
      "other_lower": 0,
      "within_0p05": 10
    },
    "delta_heuristic_minus_gpt54_material_gt_0p05": {
      "heuristic_lower": 6,
      "other_lower": 0,
      "within_0p05": 9
    },
    "delta_heuristic_minus_random_material_gt_0p05": {
      "heuristic_lower": 4,
      "other_lower": 2,
      "within_0p05": 9
    }
  },
  "extra5": {
    "n_cases": 5,
    "n_sites_total": 329,
    "n_sites_mean": 65.8,
    "n_sites_median": 59,
    "n_sites_min": 46,
    "n_sites_max": 84,
    "successful_site_evals": 315,
    "failed_site_evals": 14,
    "case_success_count": 5,
    "vs_best4_outcomes": {
      "tie": 3,
      "heuristic_lower": 2
    },
    "vs_gpt54_outcomes": {
      "tie": 2,
      "heuristic_lower": 3
    },
    "vs_random_outcomes": {
      "heuristic_lower": 3,
      "random_lower": 1,
      "tie": 1
    },
    "delta_vs_best4_stats": {
      "n": 5,
      "mean": -0.44746971130371094,
      "median": -0.0031147003173828125,
      "min": -2.018831253051758,
      "max": 0.002410888671875
    },
    "delta_vs_gpt54_stats": {
      "n": 5,
      "mean": -0.4589824676513672,
      "median": -0.02069091796875,
      "min": -2.018831253051758,
      "max": 0.002410888671875
    },
    "delta_vs_random_stats": {
      "n": 5,
      "mean": -0.348492431640625,
      "median": -0.02630615234375,
      "min": -2.02105712890625,
      "max": 0.510986328125
    },
    "delta_heuristic_minus_adsmind_best4_material_gt_0p05": {
      "heuristic_lower": 2,
      "other_lower": 0,
      "within_0p05": 3
    },
    "delta_heuristic_minus_gpt54_material_gt_0p05": {
      "heuristic_lower": 2,
      "other_lower": 0,
      "within_0p05": 3
    },
    "delta_heuristic_minus_random_material_gt_0p05": {
      "heuristic_lower": 2,
      "other_lower": 1,
      "within_0p05": 2
    }
  },
  "top_heuristic_advantage_vs_best4": [
    {
      "case_id": "08",
      "surface": "Ru3Mo(111)",
      "adsorbate": "[N]=[NH]",
      "heuristic_best_energy": -9.209440231323242,
      "adsmind_best4_full": -7.190608978271484,
      "delta_heuristic_minus_adsmind_best4": -2.018831253051758,
      "heuristic_n_sites": 84
    },
    {
      "case_id": "04",
      "surface": "CuPd3(111)",
      "adsorbate": "[N]=[NH]",
      "heuristic_best_energy": -3.470273971557617,
      "adsmind_best4_full": -2.2848472595214844,
      "delta_heuristic_minus_adsmind_best4": -1.1854267120361328,
      "heuristic_n_sites": 56
    },
    {
      "case_id": "16",
      "surface": "Au2Hf(102)",
      "adsorbate": "[CH2]CO",
      "heuristic_best_energy": -5.376361846923828,
      "adsmind_best4_full": -4.662910461425781,
      "delta_heuristic_minus_adsmind_best4": -0.7134513854980469,
      "heuristic_n_sites": 56
    },
    {
      "case_id": "19",
      "surface": "Hf2Zn6(110)",
      "adsorbate": "CC=O",
      "heuristic_best_energy": -4.696258544921875,
      "adsmind_best4_full": -4.044700622558594,
      "delta_heuristic_minus_adsmind_best4": -0.6515579223632812,
      "heuristic_n_sites": 42
    },
    {
      "case_id": "11",
      "surface": "Pd(111)",
      "adsorbate": "[OH]",
      "heuristic_best_energy": -2.6359806060791016,
      "adsmind_best4_full": -2.4184722900390625,
      "delta_heuristic_minus_adsmind_best4": -0.21750831604003906,
      "heuristic_n_sites": 46
    },
    {
      "case_id": "18",
      "surface": "Al3Zr(101)",
      "adsorbate": "CC=O",
      "heuristic_best_energy": -3.24102783203125,
      "adsmind_best4_full": -3.1291351318359375,
      "delta_heuristic_minus_adsmind_best4": -0.1118927001953125,
      "heuristic_n_sites": 53
    },
    {
      "case_id": "20",
      "surface": "Bi2Ti6(211)",
      "adsorbate": "CN(C)N=O",
      "heuristic_best_energy": -11.756484985351562,
      "adsmind_best4_full": -11.652706146240234,
      "delta_heuristic_minus_adsmind_best4": -0.10377883911132812,
      "heuristic_n_sites": 98
    },
    {
      "case_id": "17",
      "surface": "Rh2Ti2(111)",
      "adsorbate": "CC=O",
      "heuristic_best_energy": -3.2653350830078125,
      "adsmind_best4_full": -3.241016387939453,
      "delta_heuristic_minus_adsmind_best4": -0.024318695068359375,
      "heuristic_n_sites": 38
    }
  ],
  "top_adsmind_advantage_vs_heuristic": [
    {
      "case_id": "15",
      "surface": "Cu6Ga2(100)",
      "adsorbate": "[CH2]CO",
      "heuristic_best_energy": -3.225940704345703,
      "adsmind_best4_full": -3.257709503173828,
      "delta_heuristic_minus_adsmind_best4": 0.031768798828125,
      "heuristic_n_sites": 34
    },
    {
      "case_id": "14",
      "surface": "CoPt(111)",
      "adsorbate": "[OH]",
      "heuristic_best_energy": -3.6134281158447266,
      "adsmind_best4_full": -3.6166324615478516,
      "delta_heuristic_minus_adsmind_best4": 0.003204345703125,
      "heuristic_n_sites": 79
    },
    {
      "case_id": "03",
      "surface": "CuPd3(111)",
      "adsorbate": "[H]",
      "heuristic_best_energy": -3.349552869796753,
      "adsmind_best4_full": -3.351963758468628,
      "delta_heuristic_minus_adsmind_best4": 0.002410888671875,
      "heuristic_n_sites": 56
    },
    {
      "case_id": "07",
      "surface": "Ru3Mo(111)",
      "adsorbate": "[H]",