{
  "friedman": {
    "statistic": 0.11538461538461975,
    "p_value": 0.9899293607165194
  },
  "pairwise": {
    "no_slip": {
      "statistic": 1.0,
      "p_value": 1.0,
      "bootstrap_ci": {
        "low": -0.106719970703125,
        "high": 0.2022705078125
      }
    },
    "no_forbid": {
      "statistic": 1.0,
      "p_value": 1.0,
      "bootstrap_ci": {
        "low": -0.0203857421875,
        "high": 0.0274810791015625
      }
    },
    "no_termination": {
      "statistic": 1.0,
      "p_value": 1.0,
      "bootstrap_ci": {
        "low": -0.0203857421875,
        "high": 0.7762451171875
      }
    },
    "single_shot": null
  },
  "bh_fdr": {
    "no_slip": 1.0,
    "no_forbid": 1.0,
    "no_termination": 1.0,
    "single_shot": null
  }
}