{
  "friedman": {
    "statistic": 3.269230769230791,
    "p_value": 0.35194815942798585
  },
  "pairwise": {
    "no_slip": {
      "statistic": 9.0,
      "p_value": 0.39802471950693785,
      "bootstrap_ci": {
        "low": -6.103515625e-05,
        "high": 0.0
      }
    },
    "no_forbid": {
      "statistic": 7.0,
      "p_value": 0.463071015014588,
      "bootstrap_ci": {
        "low": -0.00018310546875,
        "high": 0.0
      }
    },
    "no_termination": {
      "statistic": 9.0,
      "p_value": 0.39802471950693785,
      "bootstrap_ci": {
        "low": -0.0003662109375,
        "high": 0.0
      }
    },
    "single_shot": null
  },
  "bh_fdr": {
    "no_slip": 0.463071015014588,
    "no_forbid": 0.463071015014588,
    "no_termination": 0.463071015014588,
    "single_shot": null
  }
}