seed,status,best_energy_eV,iterations,slip_count,error
43,failed,,1,1,
44,success,-9.855701446533203,1,1,
45,success,-9.042366027832031,1,1,
46,success,-11.161933898925781,1,1,
47,failed,,1,1,
100,failed,,1,1,
200,success,-11.169506072998047,1,1,
300,success,-9.500072479248047,1,1,
400,success,-11.174606323242188,1,1,
500,success,-11.158313751220703,1,1,
