{
  "friedman": {
    "statistic": 0.13953488372096196,
    "p_value": 0.9867035453904963
  },
  "pairwise": {
    "no_slip": {
      "statistic": 13.0,
      "p_value": 0.546875,
      "rank_biserial": -0.2777777777777778,
      "bootstrap_ci": {
        "low": -0.08146286010742188,
        "high": 0.3265647888183594
      }
    },
    "no_forbid": {
      "statistic": 11.0,
      "p_value": 0.6875,
      "rank_biserial": -0.21428571428571427,
      "bootstrap_ci": {
        "low": -3.4332275390625e-05,
        "high": 0.0442047119140625
      }
    },
    "no_termination": {
      "statistic": 12.0,
      "p_value": 0.8125,
      "rank_biserial": -0.14285714285714285,
      "bootstrap_ci": {
        "low": -0.107940673828125,
        "high": 0.3627281188964844
      }
    },
    "single_shot": null
  },
  "bh_fdr": {
    "no_slip": 0.8125,
    "no_forbid": 0.8125,
    "no_termination": 0.8125,
    "single_shot": null
  }
}