{
  "friedman": {
    "statistic": 10.203208556149724,
    "p_value": 0.03714030373179813
  },
  "pairwise": {
    "no_slip": {
      "statistic": 26.0,
      "p_value": 0.921875,
      "rank_biserial": -0.05454545454545454,
      "bootstrap_ci": {
        "low": -0.37192296981811523,
        "high": 0.1455841064453125
      }
    },
    "no_forbid": {
      "statistic": 20.0,
      "p_value": 0.8203125,
      "rank_biserial": 0.1111111111111111,
      "bootstrap_ci": {
        "low": -0.36885833740234375,
        "high": 0.13368678092956543
      }
    },
    "no_termination": {
      "statistic": 20.0,
      "p_value": 0.8203125,
      "rank_biserial": 0.1111111111111111,
      "bootstrap_ci": {
        "low": -0.5121568977832774,
        "high": 0.15014410018920898
      }
    },
    "single_shot": {
      "statistic": 0.0,
      "p_value": 0.00390625,
      "rank_biserial": 1.0,
      "bootstrap_ci": {
        "low": -0.5021476745605469,
        "high": 0.13527297973632812
      }
    }
  },
  "bh_fdr": {
    "no_slip": 0.921875,
    "no_forbid": 0.921875,
    "no_termination": 0.921875,
    "single_shot": 0.015625
  }
}