{
  "num_cases": 20,
  "wilcoxon": {
    "statistic": 11.0,
    "p_value": 0.0001049041748046875
  },
  "mcnemar": {
    "b": 10,
    "c": 0,
    "p_value": 0.001953125
  },
  "rank_biserial": -0.8952380952380953,
  "bootstrap_ci": {
    "low": -3.488909173965454,
    "high": -2.675336801528931
  },
  "benjamini_hochberg": {
    "wilcoxon": 0.000209808349609375,
    "mcnemar": 0.001953125
  }
}