{
  "friedman": {
    "statistic": 23.944827586206916,
    "p_value": 8.193463962961218e-05
  },
  "pairwise": {
    "no_slip": {
      "statistic": 6.0,
      "p_value": 0.4375,
      "rank_biserial": -0.42857142857142855,
      "bootstrap_ci": {
        "low": -0.026251792907714844,
        "high": 0.2189807891845703
      }
    },
    "no_forbid": {
      "statistic": 3.0,
      "p_value": 1.0,
      "rank_biserial": 0.0,
      "bootstrap_ci": {
        "low": -3.0517578125e-05,
        "high": 0.0
      }
    },
    "no_termination": {
      "statistic": 3.0,
      "p_value": 0.3125,
      "rank_biserial": -0.6,
      "bootstrap_ci": {
        "low": -3.0517578125e-05,
        "high": 0.20131683349609375
      }
    },
    "single_shot": {
      "statistic": 0.0,
      "p_value": 0.00390625,
      "rank_biserial": 1.0,
      "bootstrap_ci": {
        "low": -0.2997894287109375,
        "high": 0.4560546875
      }
    }
  },
  "bh_fdr": {
    "no_slip": 0.5833333333333334,
    "no_forbid": 1.0,
    "no_termination": 0.5833333333333334,
    "single_shot": 0.015625
  }
}