{
  "friedman": {
    "statistic": 4.62500000000001,
    "p_value": 0.20140791623477394
  },
  "pairwise": {
    "no_slip": {
      "statistic": 13.0,
      "p_value": 0.26039294361048326,
      "bootstrap_ci": {
        "low": -0.0020570755004882812,
        "high": 7.62939453125e-06
      }
    },
    "no_forbid": {
      "statistic": 15.0,
      "p_value": 0.37257656821978846,
      "bootstrap_ci": {
        "low": -6.103515625e-05,
        "high": 0.0008258819580078125
      }
    },
    "no_termination": {
      "statistic": 15.5,
      "p_value": 0.7259636262501574,
      "bootstrap_ci": {
        "low": -3.0517578125e-05,
        "high": 0.0
      }
    },
    "single_shot": null
  },
  "bh_fdr": {
    "no_slip": 0.5588648523296826,
    "no_forbid": 0.5588648523296826,
    "no_termination": 0.7259636262501573,
    "single_shot": null
  }
}