{
  "friedman": {
    "statistic": 3.6,
    "p_value": 0.16529888822158653
  },
  "pairwise": {
    "no_slip": {
      "statistic": 12.5,
      "p_value": 0.126032729377401,
      "bootstrap_ci": {
        "low": -0.008716583251953125,
        "high": 6.103515625e-05
      }
    },
    "no_forbid": {
      "statistic": 4.0,
      "p_value": 0.09096894797535775,
      "bootstrap_ci": {
        "low": -6.103515625e-05,
        "high": 0.0
      }
    },
    "no_termination": null,
    "single_shot": null
  },
  "bh_fdr": {
    "no_slip": 0.126032729377401,
    "no_forbid": 0.126032729377401,
    "no_termination": null,
    "single_shot": null
  }
}