{
  "friedman": {
    "statistic": 14.133333333333326,
    "p_value": 0.0068814470496249515
  },
  "pairwise": {
    "no_slip": {
      "statistic": 0.0,
      "p_value": 0.015625,
      "rank_biserial": 1.0,
      "bootstrap_ci": {
        "low": -0.06223869323730469,
        "high": 0.013031005859375
      }
    },
    "no_forbid": {
      "statistic": 0.0,
      "p_value": 0.0625,
      "rank_biserial": 1.0,
      "bootstrap_ci": {
        "low": -0.1051788330078125,
        "high": 3.0517578125e-05
      }
    },
    "no_termination": {
      "statistic": 4.0,
      "p_value": 0.21875,
      "rank_biserial": 0.6190476190476191,
      "bootstrap_ci": {
        "low": -0.007415771484375,
        "high": 3.0517578125e-05
      }
    },
    "single_shot": {
      "statistic": 2.0,
      "p_value": 0.01171875,
      "rank_biserial": 0.9111111111111111,
      "bootstrap_ci": {
        "low": -0.3016033172607422,
        "high": 0.6212253570556641
      }
    }
  },
  "bh_fdr": {
    "no_slip": 0.03125,
    "no_forbid": 0.08333333333333333,
    "no_termination": 0.21875,
    "single_shot": 0.03125
  }
}