{
  "num_cases": 20,
  "num_energy_pairs": 16,
  "energy_diff_definition": "adsmind_best_energy - adsorbagent_best_energy",
  "wilcoxon": {
    "statistic": 13.0,
    "p_value": 0.002685546875
  },
  "mcnemar": {
    "b": 4,
    "c": 0,
    "p_value": 0.125
  },
  "rank_biserial": 0.8088235294117647,
  "bootstrap_ci": {
    "low": -0.18482971191406294,
    "high": 0.41587829589843706
  },
  "benjamini_hochberg": {
    "wilcoxon": 0.00537109375,
    "mcnemar": 0.125
  }
}
