{
  "friedman": {
    "statistic": 28.355769230769226,
    "p_value": 3.0581661303457038e-06
  },
  "pairwise": {
    "no_slip": {
      "statistic": 7.0,
      "p_value": 0.892738400944348,
      "rank_biserial": -0.06666666666666667,
      "bootstrap_ci": {
        "low": 0.0,
        "high": 0.0
      }
    },
    "no_forbid": null,
    "no_termination": {
      "statistic": 5.0,
      "p_value": 0.5001842570707944,
      "rank_biserial": 0.3333333333333333,
      "bootstrap_ci": {
        "low": -3.0517578125e-05,
        "high": 0.0
      }
    },
    "single_shot": {
      "statistic": 0.0,
      "p_value": 0.0014737808438751421,
      "rank_biserial": 1.0,
      "bootstrap_ci": {
        "low": 0.28544783592229456,
        "high": 0.6127815246582031
      }
    }
  },
  "bh_fdr": {
    "no_slip": 0.892738400944348,
    "no_forbid": null,
    "no_termination": 0.7502763856061916,
    "single_shot": 0.004421342531625426
  }
}