{
  "friedman": {
    "statistic": 4.872727272727285,
    "p_value": 0.30060751362901583
  },
  "pairwise": {
    "no_slip": {
      "statistic": 0.0,
      "p_value": 1.0,
      "rank_biserial": 1.0,
      "bootstrap_ci": {
        "low": -0.00018310546875,
        "high": 0.0
      }
    },
    "no_forbid": {
      "statistic": 1.0,
      "p_value": 1.0,
      "rank_biserial": -0.3333333333333333,
      "bootstrap_ci": {
        "low": -0.000244140625,
        "high": 0.20075225830078125
      }
    },
    "no_termination": {
      "statistic": 0.0,
      "p_value": 1.0,
      "rank_biserial": 1.0,
      "bootstrap_ci": {
        "low": -0.247467041015625,
        "high": 0.0
      }
    },
    "single_shot": {
      "statistic": 0.0,
      "p_value": 0.25,
      "rank_biserial": 1.0,
      "bootstrap_ci": {
        "low": -0.7075424194335938,
        "high": 0.0010986328125
      }
    }
  },
  "bh_fdr": {
    "no_slip": 1.0,
    "no_forbid": 1.0,
    "no_termination": 1.0,
    "single_shot": 1.0
  }
}