{
  "friedman": {
    "statistic": 32.66666666666667,
    "p_value": 1.3976729212721755e-06
  },
  "pairwise": {
    "no_slip": {
      "statistic": 7.0,
      "p_value": 0.892738400944348,
      "rank_biserial": -0.06666666666666667,
      "bootstrap_ci": {
        "low": 0.0,
        "high": 0.0
      }
    },
    "no_forbid": {
      "statistic": 10.0,
      "p_value": 0.916511907863894,
      "rank_biserial": 0.047619047619047616,
      "bootstrap_ci": {
        "low": -0.000244140625,
        "high": 0.0
      }
    },
    "no_termination": {
      "statistic": 5.0,
      "p_value": 0.5001842570707944,
      "rank_biserial": 0.3333333333333333,
      "bootstrap_ci": {
        "low": -3.0517578125e-05,
        "high": 0.0
      }
    },
    "single_shot": {
      "statistic": 0.0,
      "p_value": 0.0014737808438751421,
      "rank_biserial": 1.0,
      "bootstrap_ci": {
        "low": 0.28544783592229456,
        "high": 0.6127815246582031
      }
    }
  },
  "bh_fdr": {
    "no_slip": 0.916511907863894,
    "no_forbid": 0.916511907863894,
    "no_termination": 0.916511907863894,
    "single_shot": 0.0058951233755005685
  }
}