{
  "backend_labels": [
    "gemini",
    "grok4",
    "gpt54",
    "claude"
  ],
  "row_count": 100,
  "by_variant_best_energy_range": {
    "full": {
      "row_count": 20,
      "mean_range": 0.15317752361297607,
      "max_range": 0.7762451171875
    },
    "no_forbid": {
      "row_count": 20,
      "mean_range": 0.14326541423797606,
      "max_range": 0.77630615234375
    },
    "no_slip": {
      "row_count": 20,
      "mean_range": 0.19688451290130615,
      "max_range": 0.77630615234375
    },
    "no_termination": {
      "row_count": 20,
      "mean_range": 0.08947169780731201,
      "max_range": 0.43329620361328125
    },
    "single_shot": {
      "row_count": 20,
      "mean_range": 0.35896268643830953,
      "max_range": 1.0497779846191406
    }
  },
  "by_case_best_energy_range": {
    "01": {
      "row_count": 5,
      "mean_range": 0.018480968475341798,
      "max_range": 0.0739130973815918
    },
    "02": {
      "row_count": 5,
      "mean_range": 0.12706489562988282,
      "max_range": 0.6154632568359375
    },
    "03": {
      "row_count": 5,
      "mean_range": 0.006341552734375,
      "max_range": 0.031707763671875
    },
    "04": {
      "row_count": 5,
      "mean_range": 0.3806606292724609,
      "max_range": 0.5847911834716797
    },
    "05": {
      "row_count": 5,
      "mean_range": 0.0238128662109375,
      "max_range": 0.1190338134765625
    },
    "06": {
      "row_count": 5,
      "mean_range": 0.2510795593261719,
      "max_range": 0.396759033203125
    },
    "07": {
      "row_count": 5,
      "mean_range": 0.08662109375,
      "max_range": 0.3719482421875
    },
    "08": {
      "row_count": 5,
      "mean_range": 0.53001708984375,
      "max_range": 0.77630615234375
    },
    "09": {
      "row_count": 5,
      "mean_range": 0.051833724975585936,
      "max_range": 0.18987083435058594
    },
    "10": {
      "row_count": 5,
      "mean_range": 0.12399864196777344,
      "max_range": 0.5955715179443359
    },
    "11": {
      "row_count": 5,
      "mean_range": 0.0148651123046875,
      "max_range": 0.03716278076171875
    },
    "12": {
      "row_count": 5,
      "mean_range": 0.20287742614746093,
      "max_range": 0.4743022918701172
    },
    "13": {
      "row_count": 5,
      "mean_range": 0.09074363708496094,
      "max_range": 0.44870567321777344
    },
    "14": {
      "row_count": 5,
      "mean_range": 0.128985595703125,
      "max_range": 0.371551513671875
    },
    "15": {
      "row_count": 5,
      "mean_range": 0.21844940185546874,
      "max_range": 0.421539306640625
    },
    "16": {
      "row_count": 5,
      "mean_range": 0.18140945434570313,
      "max_range": 0.3908576965332031
    },
    "17": {
      "row_count": 5,
      "mean_range": 0.255859375,
      "max_range": 0.3754463195800781
    },
    "18": {
      "row_count": 5,
      "mean_range": 0.28100738525390623,
      "max_range": 0.4360237121582031
    },
    "19": {
      "row_count": 5,
      "mean_range": 0.5252288818359375,
      "max_range": 0.8797836303710938
    },
    "20": {
      "row_count": 5,
      "mean_range": 0.2461334228515625,
      "max_range": 1.0497779846191406
    }
  },
  "largest_best_energy_gap": {
    "case_id": "20",
    "variant": "single_shot",
    "range_best_energy": 1.0497779846191406
  },
  "largest_delta_gap": {
    "case_id": "20",
    "variant": "single_shot",
    "range_delta_vs_full": 1.0501441955566406
  }
}