{
  "friedman": {
    "statistic": 0.4273504273504274,
    "p_value": 0.8076106433241248
  },
  "pairwise": {
    "no_slip": {
      "statistic": 227.0,
      "p_value": 0.9099283966830625,
      "rank_biserial": 0.023655913978494623,
      "bootstrap_ci": {
        "low": 0.0,
        "high": 0.0
      }
    },
    "no_forbid": null,
    "no_termination": {
      "statistic": 147.0,
      "p_value": 0.6765813930793305,
      "rank_biserial": -0.09538461538461539,
      "bootstrap_ci": {
        "low": 0.0,
        "high": 0.0
      }
    }
  },
  "bh_fdr": {
    "no_slip": 0.9099283966830625,
    "no_forbid": null,
    "no_termination": 0.9099283966830625
  }
}