{
  "friedman": {
    "statistic": 3.8275862068965494,
    "p_value": 0.2806936567518608
  },
  "pairwise": {
    "no_slip": {
      "statistic": 0.0,
      "p_value": 0.25,
      "bootstrap_ci": {
        "low": -0.0001220703125,
        "high": 0.03704071044921875
      }
    },
    "no_forbid": {
      "statistic": 4.0,
      "p_value": 0.875,
      "bootstrap_ci": {
        "low": -0.2901611328125,
        "high": 0.03704071044921875
      }
    },
    "no_termination": {
      "statistic": 3.0,
      "p_value": 1.0,
      "bootstrap_ci": {
        "low": -0.2625579833984375,
        "high": 0.03716278076171875
      }
    },
    "single_shot": null
  },
  "bh_fdr": {
    "no_slip": 0.75,
    "no_forbid": 1.0,
    "no_termination": 1.0,
    "single_shot": null
  }
}