{
  "metadata": {
    "backends": [
      "gemini",
      "grok4",
      "openai_gpt54",
      "anthropic_claude"
    ],
    "total_cases": 20
  },
  "per_case": {
    "01": {
      "energies": {
        "gemini": -3.5663492679595947,
        "grok4": -3.6311686038970947,
        "openai_gpt54": -3.557255506515503,
        "anthropic_claude": -3.557255506515503
      },
      "n_valid": 4,
      "range_eV": 0.073913
    },
    "02": {
      "energies": {
        "gemini": -4.333539962768555,
        "grok4": -4.150495529174805,
        "openai_gpt54": -4.342861175537109,
        "anthropic_claude": -4.342861175537109
      },
      "n_valid": 4,
      "range_eV": 0.192366
    },
    "03": {
      "energies": {
        "gemini": -3.3467447757720947,
        "grok4": -3.3467142581939697,
        "openai_gpt54": -3.351963758468628,
        "anthropic_claude": -3.351963758468628
      },
      "n_valid": 4,
      "range_eV": 0.00525
    },
    "04": {
      "energies": {
        "gemini": -1.6579418182373047,
        "grok4": -1.6579418182373047,
        "openai_gpt54": -2.2427330017089844,
        "anthropic_claude": -1.8452110290527344
      },
      "n_valid": 4,
      "range_eV": 0.584791
    },
    "05": {
      "energies": {
        "gemini": -2.9469187259674072,
        "grok4": -2.9469187259674072,
        "openai_gpt54": -2.8426101207733154,
        "anthropic_claude": -2.961643934249878
      },
      "n_valid": 4,
      "range_eV": 0.119034
    },
    "06": {
      "energies": {
        "gemini": -2.0482616424560547,
        "grok4": -1.7266368865966797
      },
      "n_valid": 2,
      "range_eV": 0.321625
    },
    "07": {
      "energies": {
        "gemini": -6.922611474990845,
        "grok4": -6.922611474990845,
        "openai_gpt54": -6.883122205734253,
        "anthropic_claude": -6.883122205734253
      },
      "n_valid": 4,
      "range_eV": 0.039489
    },
    "08": {
      "energies": {
        "gemini": -6.396268844604492,
        "grok4": -7.355390548706055
      },
      "n_valid": 2,
      "range_eV": 0.959122
    },
    "09": {
      "energies": {
        "gemini": -1.8013858795166016,
        "grok4": -1.9739322662353516,
        "openai_gpt54": -1.8037338256835938,
        "anthropic_claude": -1.8037338256835938
      },
      "n_valid": 4,
      "range_eV": 0.172546
    },
    "10": {
      "energies": {
        "gemini": -2.1220951080322266,
        "grok4": -2.712350845336914,
        "openai_gpt54": -2.7176666259765625,
        "anthropic_claude": -2.7095260620117188
      },
      "n_valid": 4,
      "range_eV": 0.595572
    },
    "11": {
      "energies": {
        "gemini": -2.3786563873291016,
        "grok4": -2.3883914947509766,
        "openai_gpt54": -2.4184722900390625,
        "anthropic_claude": -2.4184722900390625
      },
      "n_valid": 4,
      "range_eV": 0.039816
    },
    "12": {
      "energies": {
        "gemini": -1.6070194244384766,
        "grok4": -2.080881118774414,
        "openai_gpt54": -2.0813217163085938,
        "anthropic_claude": -2.0813217163085938
      },
      "n_valid": 4,
      "range_eV": 0.474302
    },
    "13": {
      "energies": {
        "gemini": -2.376436233520508,
        "grok4": -2.376443862915039,
        "openai_gpt54": -2.8078689575195312,
        "anthropic_claude": -2.8251419067382812
      },
      "n_valid": 4,
      "range_eV": 0.448706
    },
    "14": {
      "energies": {
        "gemini": -3.2451114654541016,
        "grok4": -3.2450809478759766,
        "openai_gpt54": -3.4303741455078125,
        "anthropic_claude": -3.4533309936523438
      },
      "n_valid": 4,
      "range_eV": 0.20825
    },
    "15": {
      "energies": {
        "gemini": -2.888652801513672,
        "grok4": -2.5872459411621094,
        "openai_gpt54": -2.9636917114257812,
        "anthropic_claude": -2.767475128173828
      },
      "n_valid": 4,
      "range_eV": 0.376446
    },
    "16": {
      "energies": {
        "gemini": -4.537578582763672,
        "grok4": -4.551860809326172,
        "openai_gpt54": -4.662910461425781,
        "anthropic_claude": -4.662910461425781
      },
      "n_valid": 4,
      "range_eV": 0.125332
    },
    "17": {
      "energies": {
        "gemini": -2.7732162475585938,
        "grok4": -3.0664215087890625,
        "openai_gpt54": -2.692474365234375,
        "anthropic_claude": -2.692474365234375
      },
      "n_valid": 4,
      "range_eV": 0.373947
    },
    "18": {
      "energies": {
        "gemini": -2.4180145263671875,
        "grok4": -2.4179840087890625,
        "openai_gpt54": -2.5189666748046875,
        "anthropic_claude": -2.5189666748046875
      },
      "n_valid": 4,
      "range_eV": 0.100983
    },
    "19": {
      "energies": {
        "gemini": -4.029319763183594,
        "grok4": -3.5939178466796875,
        "openai_gpt54": -4.0125274658203125,
        "anthropic_claude": -4.0125274658203125
      },
      "n_valid": 4,
      "range_eV": 0.435402
    },
    "20": {
      "energies": {
        "gemini": -10.604454040527344,
        "grok4": -10.602500915527344,
        "openai_gpt54": -11.652278900146484,
        "anthropic_claude": -11.652278900146484
      },
      "n_valid": 4,
      "range_eV": 1.049778
    }
  },
  "summary": {
    "cases_with_all_backends_valid": 18,
    "mean_range_eV": 0.3009,
    "within_001_eV": 1,
    "total_valid_ranges": 18
  }
}