{
  "friedman": {
    "statistic": 16.610687022900755,
    "p_value": 0.0023002103466346277
  },
  "pairwise": {
    "no_slip": {
      "statistic": 12.0,
      "p_value": 0.8125,
      "rank_biserial": -0.14285714285714285,
      "bootstrap_ci": {
        "low": -0.04376220703125,
        "high": 0.16607666015625
      }
    },
    "no_forbid": {
      "statistic": 3.0,
      "p_value": 0.625,
      "rank_biserial": -0.4,
      "bootstrap_ci": {
        "low": -0.00225830078125,
        "high": 0.083038330078125
      }
    },
    "no_termination": {
      "statistic": 3.0,
      "p_value": 0.3125,
      "rank_biserial": -0.6,
      "bootstrap_ci": {
        "low": -0.00225830078125,
        "high": 0.244384765625
      }
    },
    "single_shot": {
      "statistic": 0.0,
      "p_value": 0.03125,
      "rank_biserial": 1.0,
      "bootstrap_ci": {
        "low": -0.228363037109375,
        "high": 0.454345703125
      }
    }
  },
  "bh_fdr": {
    "no_slip": 0.8125,
    "no_forbid": 0.8125,
    "no_termination": 0.625,
    "single_shot": 0.125
  }
}