{
  "friedman": {
    "statistic": 23.237113402061905,
    "p_value": 0.00011353626956375302
  },
  "pairwise": {
    "no_slip": {
      "statistic": 15.0,
      "p_value": 0.6744240722352938,
      "rank_biserial": -0.16666666666666666,
      "bootstrap_ci": {
        "low": 0.0,
        "high": 3.0517578125e-05
      }
    },
    "no_forbid": {
      "statistic": 5.0,
      "p_value": 0.24886387493792206,
      "rank_biserial": -0.5238095238095238,
      "bootstrap_ci": {
        "low": 0.0,
        "high": 0.0
      }
    },
    "no_termination": {
      "statistic": 7.0,
      "p_value": 0.463071015014588,
      "rank_biserial": -0.3333333333333333,
      "bootstrap_ci": {
        "low": 0.0,
        "high": 7.62939453121704e-07
      }
    },
    "single_shot": {
      "statistic": 0.0,
      "p_value": 0.0033456181158508813,
      "rank_biserial": 1.0,
      "bootstrap_ci": {
        "low": -0.173553466796875,
        "high": 0.252197265625
      }
    }
  },
  "bh_fdr": {
    "no_slip": 0.6744240722352938,
    "no_forbid": 0.4977277498758441,
    "no_termination": 0.6174280200194507,
    "single_shot": 0.013382472463403525
  }
}