{
  "friedman": {
    "statistic": 13.3134328358209,
    "p_value": 0.009841637273944914
  },
  "pairwise": {
    "no_slip": {
      "statistic": 0.0,
      "p_value": 0.5,
      "bootstrap_ci": {
        "low": 0.0,
        "high": 0.13628005981445312
      }
    },
    "no_forbid": {
      "statistic": 1.0,
      "p_value": 0.5,
      "bootstrap_ci": {
        "low": -0.00653076171875,
        "high": 0.13628005981445312
      }
    },
    "no_termination": {
      "statistic": 0.0,
      "p_value": 1.0,
      "bootstrap_ci": {
        "low": 0.0,
        "high": 0.01149749755859375
      }
    },
    "single_shot": {
      "statistic": 0.0,
      "p_value": 0.125,
      "bootstrap_ci": {
        "low": -0.173553466796875,
        "high": 0.25262451171875
      }
    }
  },
  "bh_fdr": {
    "no_slip": 0.6666666666666666,
    "no_forbid": 0.6666666666666666,
    "no_termination": 1.0,
    "single_shot": 0.5
  }
}